{
    "1336991712": {
        "username": "wtfbm",
        "partner_id": null,
        "partner_username": null,
        "requests_sent": {
            "user_Tarielka": {
                "username": "Tarielka",
                "time": "2025-05-03T07:52:17.581991",
                "chat_id": "-1002538066673"
            },
            "7803833598": {
                "username": "reallysoulmi",
                "time": "2025-05-03T07:54:37.733623",
                "chat_id": "-1002538066673"
            }
        },
        "requests_received": {},
        "relationships_history": [],
        "is_offended": false,
        "stats": {
            "total_relationships": 0,
            "total_days_in_relationships": 0,
            "loyalty_score": 100
        }
    },
    "user_Tarielka": {
        "username": "Tarielka",
        "partner_id": null,
        "partner_username": null,
        "requests_sent": {},
        "requests_received": {
            "1336991712": {
                "username": "wtfbm",
                "time": "2025-05-03T07:52:17.581991",
                "chat_id": "-1002538066673"
            }
        },
        "relationships_history": [],
        "is_offended": false,
        "stats": {
            "total_relationships": 0,
            "total_days_in_relationships": 0,
            "loyalty_score": 100
        }
    },
    "7803833598": {
        "username": "reallysoulmi",
        "partner_id": null,
        "partner_username": null,
        "requests_sent": {},
        "requests_received": {
            "1336991712": {
                "username": "wtfbm",
                "time": "2025-05-03T07:54:37.733623",
                "chat_id": "-1002538066673"
            }
        },
        "relationships_history": [],
        "is_offended": false,
        "stats": {
            "total_relationships": 0,
            "total_days_in_relationships": 0,
            "loyalty_score": 100
        }
    },
    "6735282582": {
        "username": "Tarielka",
        "partner_id": null,
        "partner_username": null,
        "requests_sent": {
            "user_r1p_lybimchik": {
                "username": "r1p_lybimchik",
                "time": "2025-05-03T07:56:33.427713",
                "chat_id": "-1002538066673"
            }
        },
        "requests_received": {},
        "relationships_history": [],
        "is_offended": false,
        "stats": {
            "total_relationships": 0,
            "total_days_in_relationships": 0,
            "loyalty_score": 100
        }
    },
    "user_r1p_lybimchik": {
        "username": "r1p_lybimchik",
        "partner_id": null,
        "partner_username": null,
        "requests_sent": {},
        "requests_received": {
            "6735282582": {
                "username": "Tarielka",
                "time": "2025-05-03T07:56:33.427713",
                "chat_id": "-1002538066673"
            }
        },
        "relationships_history": [],
        "is_offended": false,
        "stats": {
            "total_relationships": 0,
            "total_days_in_relationships": 0,
            "loyalty_score": 100
        }
    }
}