{
  "5420964926": {
    "username": "kittwuxqh",
    "first_name": "бабки на лапки😹❤️",
    "last_name": null,
    "messages_count": 4,
    "first_seen": "2025-05-03T07:39:54.201235",
    "last_activity": "2025-05-03T07:42:23.462142"
  },
  "1336991712": {
    "username": "wtfbm",
    "first_name": "Mircea Papusoi",
    "last_name": "#GOAT ＃ヤギ",
    "messages_count": 10,
    "first_seen": "2025-05-03T07:40:09.655308",
    "last_activity": "2025-05-03T08:13:03.367781"
  },
  "5672425557": {
    "username": "w_hj35",
    "first_name": "Nuri",
    "last_name": null,
    "messages_count": 3,
    "first_seen": "2025-05-03T07:40:14.824615",
    "last_activity": "2025-05-03T07:40:59.913455"
  },
  "6735282582": {
    "username": "Tarielka",
    "first_name": "Tarika🩷",
    "last_name": null,
    "messages_count": 10,
    "first_seen": "2025-05-03T07:43:29.269421",
    "last_activity": "2025-05-03T07:56:43.850210"
  },
  "7803833598": {
    "username": "reallysoulmi",
    "first_name": "⛟ Ася#мяусоул",
    "last_name": null,
    "messages_count": 9,
    "first_seen": "2025-05-03T07:54:13.255798",
    "last_activity": "2025-05-03T08:00:05.874089"
  },
  "6714468689": {
    "username": "Tn90pp",
    "first_name": "KAYA\"",
    "last_name": null,
    "messages_count": 2,
    "first_seen": "2025-05-03T07:55:53.771905",
    "last_activity": "2025-05-03T07:56:37.615729"
  },
  "6043010720": {
    "username": null,
    "first_name": "rubi",
    "last_name": null,
    "messages_count": 0,
    "first_seen": "2025-05-03T08:02:01.400868",
    "last_activity": "2025-05-03T08:02:01.400874"
  },
  "7825968058": {
    "username": "mistfitsraww",
    "first_name": "RAW#arхaнgeл.⁶⁶⁶",
    "last_name": null,
    "messages_count": 0,
    "first_seen": "2025-05-03T08:03:04.179825",
    "last_activity": "2025-05-03T08:03:04.179829"
  },
  "6455826038": {
    "username": null,
    "first_name": "bladet i 333halsen хирд",
    "last_name": null,
    "messages_count": 2,
    "first_seen": "2025-05-03T08:05:14.222247",
    "last_activity": "2025-05-03T08:05:21.004700"
  },
  "8021098264": {
    "username": "kdrr1x",
    "first_name": "with love r",
    "last_name": null,
    "messages_count": 2,
    "first_seen": "2025-05-03T08:06:25.192351",
    "last_activity": "2025-05-03T08:07:51.993837"
  }
}